{"trainer/Num Policy Updates": 1001, "trainer/Policy Loss": -8.722853660583496, "trainer/Log Pis Mean": 3.422698497772217, "trainer/Log Pis Std": 4.707842826843262, "trainer/Log Pis Max": 9.980649948120117, "trainer/Log Pis Min": -6.812644958496094, "trainer/Policy mu Mean": -0.23420199751853943, "trainer/Policy mu Std": 0.5656552314758301, "trainer/Policy mu Max": 0.40300971269607544, "trainer/Policy mu Min": -1.7720803022384644, "trainer/Policy log std Mean": 0.11822715401649475, "trainer/Policy log std Std": 1.1764065027236938, "trainer/Policy log std Max": 2.0, "trainer/Policy log std Min": -1.7349966764450073, "Rewards Mean": 0.0, "Rewards Std": 0.0, "Rewards Max": 0, "Rewards Min": 0, "Returns Mean": 0.0, "Returns Std": 0.0, "Returns Max": 0, "Returns Min": 0, "Actions Mean": 0.0003524285857565701, "Actions Std": 0.0013479386689141393, "Actions Max": 0.0026375590823590755, "Actions Min": -0.000665440340526402, "Num Paths": 5, "Average Returns": 0.0, "_runtime": 47, "_timestamp": 1623317517, "_step": 1}