{"trainer/QF1 Loss": 822.8372802734375, "trainer/min QF1 Loss": 7.997894287109375, "trainer/Std QF1 values": 21.0166015625, "trainer/QF1 in-distribution values Mean": -185.54359436035156, "trainer/QF1 in-distribution values Std": 149.7801513671875, "trainer/QF1 in-distribution values Max": 38.99977493286133, "trainer/QF1 in-distribution values Min": -534.554443359375, "trainer/QF1 random values Mean": -182.26217651367188, "trainer/QF1 random values Std": 146.71005249023438, "trainer/QF1 random values Max": 21.550006866455078, "trainer/QF1 random values Min": -484.2823791503906, "trainer/QF1 next_actions values Mean": -181.22470092773438, "trainer/QF1 next_actions values Std": 148.6607208251953, "trainer/QF1 next_actions values Max": 29.54641342163086, "trainer/QF1 next_actions values Min": -541.0044555664062, "trainer/actions Mean": -0.035761717706918716, "trainer/actions Std": 0.5882959365844727, "trainer/actions Max": 1.0, "trainer/actions Min": -1.0, "trainer/rewards Mean": 1.875, "trainer/rewards Std": 3.9031238555908203, "trainer/rewards Max": 10.0, "trainer/rewards Min": 0.0, "trainer/Num Q Updates": 8001, "trainer/Num Policy Updates": 8001, "trainer/Policy Loss": 184.306396484375, "trainer/Q1 Predictions Mean": -172.39584350585938, "trainer/Q1 Predictions Std": 143.50257873535156, "trainer/Q1 Predictions Max": 43.812984466552734, "trainer/Q1 Predictions Min": -455.6325988769531, "trainer/Q Targets Mean": -170.15736389160156, "trainer/Q Targets Std": 150.57598876953125, "trainer/Q Targets Max": 54.27244186401367, "trainer/Q Targets Min": -512.4397583007812, "trainer/Log Pis Mean": 0.7887259125709534, "trainer/Log Pis Std": 3.8359856605529785, "trainer/Log Pis Max": 8.886064529418945, "trainer/Log Pis Min": -5.59326696395874, "trainer/Policy mu Mean": -0.028775839135050774, "trainer/Policy mu Std": 0.7535343766212463, "trainer/Policy mu Max": 2.793264389038086, "trainer/Policy mu Min": -2.192626714706421, "trainer/Policy log std Mean": -0.058723993599414825, "trainer/Policy log std Std": 0.9034945368766785, "trainer/Policy log std Max": 1.5000030994415283, "trainer/Policy log std Min": -1.4663031101226807, "trainer/QF1 DR3 Loss": 22.785640716552734, "trainer/Alpha": 0.46530860662460327, "trainer/Alpha Loss": -2.4565019607543945, "_runtime": 3806, "_timestamp": 1624643890, "_step": 8}