{"trainer/QF1 Loss": 138.51622009277344, "trainer/min QF1 Loss": -6.7935333251953125, "trainer/Std QF1 values": 11.15045166015625, "trainer/QF1 in-distribution values Mean": -178.06710815429688, "trainer/QF1 in-distribution values Std": 20.876998901367188, "trainer/QF1 in-distribution values Max": -102.09613037109375, "trainer/QF1 in-distribution values Min": -231.18215942382812, "trainer/QF1 random values Mean": -193.52682495117188, "trainer/QF1 random values Std": 16.908782958984375, "trainer/QF1 random values Max": -115.410888671875, "trainer/QF1 random values Min": -239.99209594726562, "trainer/QF1 next_actions values Mean": -178.25677490234375, "trainer/QF1 next_actions values Std": 21.28227996826172, "trainer/QF1 next_actions values Max": -101.00312805175781, "trainer/QF1 next_actions values Min": -233.21041870117188, "trainer/actions Mean": 0.1533147394657135, "trainer/actions Std": 0.5760867595672607, "trainer/actions Max": 1.0, "trainer/actions Min": -1.0, "trainer/rewards Mean": 3.90625, "trainer/rewards Std": 4.878904819488525, "trainer/rewards Max": 10.0, "trainer/rewards Min": 0.0, "trainer/Num Q Updates": 6001, "trainer/Num Policy Updates": 6001, "trainer/Policy Loss": 179.80215454101562, "trainer/Q1 Predictions Mean": -165.53091430664062, "trainer/Q1 Predictions Std": 17.86689567565918, "trainer/Q1 Predictions Max": -95.69893646240234, "trainer/Q1 Predictions Min": -214.01913452148438, "trainer/Q Targets Mean": -164.62100219726562, "trainer/Q Targets Std": 21.46766471862793, "trainer/Q Targets Max": -106.9096450805664, "trainer/Q Targets Min": -224.1404571533203, "trainer/Log Pis Mean": 1.0464894771575928, "trainer/Log Pis Std": 3.6537299156188965, "trainer/Log Pis Max": 9.398801803588867, "trainer/Log Pis Min": -5.315464019775391, "trainer/Policy mu Mean": 0.2515774667263031, "trainer/Policy mu Std": 0.7736771702766418, "trainer/Policy mu Max": 2.3158316612243652, "trainer/Policy mu Min": -1.7041404247283936, "trainer/Policy log std Mean": -0.08781688660383224, "trainer/Policy log std Std": 0.9908949732780457, "trainer/Policy log std Max": 1.539004921913147, "trainer/Policy log std Min": -2.2363154888153076, "trainer/QF1 DR3 Loss": 0.0033224644139409065, "trainer/Alpha": 0.5686503052711487, "trainer/Alpha Loss": -1.6669816970825195, "_runtime": 3831, "_timestamp": 1624643939, "_step": 6}