{"trainer/Num Policy Updates": 66001, "trainer/Policy Loss": -13.816251754760742, "trainer/Log Pis Mean": 10.176933288574219, "trainer/Log Pis Std": 7.22404146194458, "trainer/Log Pis Max": 35.24678421020508, "trainer/Log Pis Min": -5.627270698547363, "trainer/Policy mu Mean": -0.14481395483016968, "trainer/Policy mu Std": 2.8946692943573, "trainer/Policy mu Max": 6.382357120513916, "trainer/Policy mu Min": -8.559053421020508, "trainer/Policy log std Mean": -0.3279534578323364, "trainer/Policy log std Std": 1.5269756317138672, "trainer/Policy log std Max": 2.0, "trainer/Policy log std Min": -3.905425786972046, "Rewards Mean": 0.0, "Rewards Std": 0.0, "Rewards Max": 0, "Rewards Min": 0, "Returns Mean": 0.0, "Returns Std": 0.0, "Returns Max": 0, "Returns Min": 0, "Actions Mean": -0.29327136278152466, "Actions Std": 0.8192178010940552, "Actions Max": 0.9999865889549255, "Actions Min": -0.999689519405365, "Num Paths": 5, "Average Returns": 0.0, "_runtime": 7032, "_timestamp": 1623887859, "_step": 66}