{"trainer/Num Policy Updates": 2998001, "trainer/Policy Loss": -13.136829376220703, "trainer/Log Pis Mean": 10.977580070495605, "trainer/Log Pis Std": 8.461983680725098, "trainer/Log Pis Max": 42.738059997558594, "trainer/Log Pis Min": -5.362829208374023, "trainer/Policy mu Mean": -0.08472386002540588, "trainer/Policy mu Std": 3.176210641860962, "trainer/Policy mu Max": 7.320871829986572, "trainer/Policy mu Min": -7.481871604919434, "trainer/Policy log std Mean": -0.579426646232605, "trainer/Policy log std Std": 1.5510247945785522, "trainer/Policy log std Max": 2.0, "trainer/Policy log std Min": -5.0, "Rewards Mean": 0.0, "Rewards Std": 0.0, "Rewards Max": 0, "Rewards Min": 0, "Returns Mean": 0.0, "Returns Std": 0.0, "Returns Max": 0, "Returns Min": 0, "Actions Mean": -0.5105447769165039, "Actions Std": 0.35234320163726807, "Actions Max": -0.01437374297529459, "Actions Min": -0.9337182641029358, "Num Paths": 5, "Average Returns": 0.0, "_runtime": 239005, "_timestamp": 1624126996, "_step": 2998}