{"trainer/Num Policy Updates": 2070001, "trainer/Policy Loss": -14.63157844543457, "trainer/Log Pis Mean": 13.779226303100586, "trainer/Log Pis Std": 10.877532958984375, "trainer/Log Pis Max": 56.495147705078125, "trainer/Log Pis Min": -2.3602454662323, "trainer/Policy mu Mean": -0.1415388286113739, "trainer/Policy mu Std": 3.480741262435913, "trainer/Policy mu Max": 7.356740951538086, "trainer/Policy mu Min": -7.382696628570557, "trainer/Policy log std Mean": -1.1177887916564941, "trainer/Policy log std Std": 1.6495769023895264, "trainer/Policy log std Max": 2.0, "trainer/Policy log std Min": -4.648975372314453, "Rewards Mean": 0.0, "Rewards Std": 0.0, "Rewards Max": 0, "Rewards Min": 0, "Returns Mean": 0.0, "Returns Std": 0.0, "Returns Max": 0, "Returns Min": 0, "Actions Mean": -0.002897992730140686, "Actions Std": 0.9969115853309631, "Actions Max": 0.9999961853027344, "Actions Min": -0.9999985694885254, "Num Paths": 5, "Average Returns": 0.0, "_runtime": 173352, "_timestamp": 1624061343, "_step": 207