{"trainer/Num Policy Updates": 2024001, "trainer/Policy Loss": -14.758923530578613, "trainer/Log Pis Mean": 12.977243423461914, "trainer/Log Pis Std": 9.358951568603516, "trainer/Log Pis Max": 47.55506896972656, "trainer/Log Pis Min": -3.675685167312622, "trainer/Policy mu Mean": -0.25012683868408203, "trainer/Policy mu Std": 3.376373529434204, "trainer/Policy mu Max": 7.304084777832031, "trainer/Policy mu Min": -7.428892135620117, "trainer/Policy log std Mean": -1.0034481287002563, "trainer/Policy log std Std": 1.5959503650665283, "trainer/Policy log std Max": 2.0, "trainer/Policy log std Min": -4.419134616851807, "Rewards Mean": 0.0, "Rewards Std": 0.0, "Rewards Max": 0, "Rewards Min": 0, "Returns Mean": 0.0, "Returns Std": 0.0, "Returns Max": 0, "Returns Min": 0, "Actions Mean": 0.00010786950588226318, "Actions Std": 0.9997495412826538, "Actions Max": 0.9999740123748779, "Actions Min": -0.9999955296516418, "Num Paths": 5, "Average Returns": 0.0, "_runtime": 169995, "_timestamp": 1624057986, "_step": 2024}