{"trainer/Num Policy Updates": 1259001, "trainer/Policy Loss": -15.093708038330078, "trainer/Log Pis Mean": 12.465627670288086, "trainer/Log Pis Std": 8.776873588562012, "trainer/Log Pis Max": 46.26880645751953, "trainer/Log Pis Min": -4.521461009979248, "trainer/Policy mu Mean": -0.16856792569160461, "trainer/Policy mu Std": 3.3537724018096924, "trainer/Policy mu Max": 7.354038715362549, "trainer/Policy mu Min": -7.427923202514648, "trainer/Policy log std Mean": -0.8036125302314758, "trainer/Policy log std Std": 1.6330983638763428, "trainer/Policy log std Max": 2.0, "trainer/Policy log std Min": -4.894760608673096, "Rewards Mean": 0.0, "Rewards Std": 0.0, "Rewards Max": 0, "Rewards Min": 0, "Returns Mean": 0.0, "Returns Std": 0.0, "Returns Max": 0, "Returns Min": 0, "Actions Mean": 0.11850123107433319, "Actions Std": 0.5635437369346619, "Actions Max": 0.9981642365455627, "Actions Min": -0.571196973323822, "Num Paths": 5, "Average Returns": 0.0, "_runtime": 111891, "_timestamp": 1623999882, "_step": 1259}