{"trainer/Num Policy Updates": 2075001, "trainer/Policy Loss": -14.754716873168945, "trainer/Log Pis Mean": 13.466753959655762, "trainer/Log Pis Std": 10.073427200317383, "trainer/Log Pis Max": 53.990394592285156, "trainer/Log Pis Min": -6.633245944976807, "trainer/Policy mu Mean": -0.2562127709388733, "trainer/Policy mu Std": 3.359928607940674, "trainer/Policy mu Max": 7.313767433166504, "trainer/Policy mu Min": -7.360694885253906, "trainer/Policy log std Mean": -1.0889596939086914, "trainer/Policy log std Std": 1.6904419660568237, "trainer/Policy log std Max": 2.0, "trainer/Policy log std Min": -5.0, "Rewards Mean": 0.0, "Rewards Std": 0.0, "Rewards Max": 0, "Rewards Min": 0, "Returns Mean": 0.0, "Returns Std": 0.0, "Returns Max": 0, "Returns Min": 0, "Actions Mean": 2.82973051071167e-05, "Actions Std": 0.9998918175697327, "Actions Max": 0.999997079372406, "Actions Min": -0.9999983310699463, "Num Paths": 5, "Average Returns": 0.0, "_runtime": 173715, "_timestamp": 1624061706, "_step": 2075}