{"trainer/Num Policy Updates": 2012001, "trainer/Policy Loss": -8.762863159179688, "trainer/Log Pis Mean": 10.686140060424805, "trainer/Log Pis Std": 8.650006294250488, "trainer/Log Pis Max": 37.11865997314453, "trainer/Log Pis Min": -8.225034713745117, "trainer/Policy mu Mean": -0.05583406239748001, "trainer/Policy mu Std": 2.7652580738067627, "trainer/Policy mu Max": 6.958478927612305, "trainer/Policy mu Min": -7.488339900970459, "trainer/Policy log std Mean": 0.3917257785797119, "trainer/Policy log std Std": 1.5641692876815796, "trainer/Policy log std Max": 2.0, "trainer/Policy log std Min": -2.6394383907318115, "Rewards Mean": 0.0, "Rewards Std": 0.0, "Rewards Max": 0, "Rewards Min": 0, "Returns Mean": 0.0, "Returns Std": 0.0, "Returns Max": 0, "Returns Min": 0, "Actions Mean": -0.00019587278075050563, "Actions Std": 0.9991661310195923, "Actions Max": 0.9999960064888, "Actions Min": -0.9997156858444214, "Num Paths": 5, "Average Returns": 0.0, "_runtime": 169125, "_timestamp": 1624057116, "_step": 2012}