{"trainer/Num Policy Updates": 1822001, "trainer/Policy Loss": -13.75428581237793, "trainer/Log Pis Mean": 11.012824058532715, "trainer/Log Pis Std": 8.000256538391113, "trainer/Log Pis Max": 33.93684387207031, "trainer/Log Pis Min": -6.470547676086426, "trainer/Policy mu Mean": 0.05468308925628662, "trainer/Policy mu Std": 3.2946712970733643, "trainer/Policy mu Max": 7.289700031280518, "trainer/Policy mu Min": -7.402365684509277, "trainer/Policy log std Mean": -0.5904543399810791, "trainer/Policy log std Std": 1.6676430702209473, "trainer/Policy log std Max": 2.0, "trainer/Policy log std Min": -4.6553168296813965, "Rewards Mean": 0.0, "Rewards Std": 0.0, "Rewards Max": 0, "Rewards Min": 0, "Returns Mean": 0.0, "Returns Std": 0.0, "Returns Max": 0, "Returns Min": 0, "Actions Mean": -0.12536977231502533, "Actions Std": 0.872985303401947, "Actions Max": 0.8227559328079224, "Actions Min": -0.9973998665809631, "Num Paths": 5, "Average Returns": 0.0, "_runtime": 154969, "_timestamp": 1624042960, "_step": 1822}