{"trainer/Num Policy Updates": 1817001, "trainer/Policy Loss": -14.693758010864258, "trainer/Log Pis Mean": 13.210114479064941, "trainer/Log Pis Std": 10.047588348388672, "trainer/Log Pis Max": 53.056549072265625, "trainer/Log Pis Min": -4.463808536529541, "trainer/Policy mu Mean": -0.22346100211143494, "trainer/Policy mu Std": 3.5186409950256348, "trainer/Policy mu Max": 7.355886459350586, "trainer/Policy mu Min": -7.411977767944336, "trainer/Policy log std Mean": -0.9177603721618652, "trainer/Policy log std Std": 1.6465789079666138, "trainer/Policy log std Max": 2.0, "trainer/Policy log std Min": -4.681540489196777, "Rewards Mean": 0.0, "Rewards Std": 0.0, "Rewards Max": 0, "Rewards Min": 0, "Returns Mean": 0.0, "Returns Std": 0.0, "Returns Max": 0, "Returns Min": 0, "Actions Mean": 0.19260311126708984, "Actions Std": 0.6960936188697815, "Actions Max": 0.9974715113639832, "Actions Min": -0.7088499069213867, "Num Paths": 5, "Average Returns": 0.0, "_runtime": 154591, "_timestamp": 1624042582, "_step": 1817}