{"trainer/Num Policy Updates": 1847001, "trainer/Policy Loss": -13.482063293457031, "trainer/Log Pis Mean": 11.696456909179688, "trainer/Log Pis Std": 7.696310520172119, "trainer/Log Pis Max": 47.67298126220703, "trainer/Log Pis Min": -4.652929782867432, "trainer/Policy mu Mean": -0.14584848284721375, "trainer/Policy mu Std": 3.349937677383423, "trainer/Policy mu Max": 7.2999653816223145, "trainer/Policy mu Min": -7.269904136657715, "trainer/Policy log std Mean": -0.6078858971595764, "trainer/Policy log std Std": 1.6286287307739258, "trainer/Policy log std Max": 2.0, "trainer/Policy log std Min": -4.048000812530518, "Rewards Mean": 0.0, "Rewards Std": 0.0, "Rewards Max": 0, "Rewards Min": 0, "Returns Mean": 0.0, "Returns Std": 0.0, "Returns Max": 0, "Returns Min": 0, "Actions Mean": -0.15444795787334442, "Actions Std": 0.8448253870010376, "Actions Max": 0.730544924736023, "Actions Min": -0.9996694922447205, "Num Paths": 5, "Average Returns": 0.0, "_runtime": 156835, "_timestamp": 1624044826, "_step": 1847}