{"trainer/QF1 Loss": 551.1715087890625, "trainer/min QF1 Loss": -8.824310302734375, "trainer/Std QF1 values": 21.855876922607422, "trainer/QF1 in-distribution values Mean": -347.4645080566406, "trainer/QF1 in-distribution values Std": 93.72272491455078, "trainer/QF1 in-distribution values Max": -181.04049682617188, "trainer/QF1 in-distribution values Min": -570.74267578125, "trainer/QF1 random values Mean": -376.1401672363281, "trainer/QF1 random values Std": 88.74284362792969, "trainer/QF1 random values Max": -201.5217742919922, "trainer/QF1 random values Min": -574.507080078125, "trainer/QF1 next_actions values Mean": -348.280029296875, "trainer/QF1 next_actions values Std": 91.5227279663086, "trainer/QF1 next_actions values Max": -184.68980407714844, "trainer/QF1 next_actions values Min": -554.4138793945312, "trainer/actions Mean": 0.14380022883415222, "trainer/actions Std": 0.5793113112449646, "trainer/actions Max": 1.0, "trainer/actions Min": -1.0, "trainer/rewards Mean": 3.4765625, "trainer/rewards Std": 4.762261867523193, "trainer/rewards Max": 10.0, "trainer/rewards Min": 0.0, "trainer/Num Q Updates": 6001, "trainer/Num Policy Updates": 6001, "trainer/Policy Loss": 348.9112548828125, "trainer/Q1 Predictions Mean": -329.1746826171875, "trainer/Q1 Predictions Std": 87.93901062011719, "trainer/Q1 Predictions Max": -176.1771697998047, "trainer/Q1 Predictions Min": -500.37261962890625, "trainer/Q Targets Mean": -327.7082214355469, "trainer/Q Targets Std": 92.95441436767578, "trainer/Q Targets Max": -161.52537536621094, "trainer/Q Targets Min": -549.7306518554688, "trainer/Log Pis Mean": 1.682865858078003, "trainer/Log Pis Std": 4.041598796844482, "trainer/Log Pis Max": 11.945416450500488, "trainer/Log Pis Min": -9.077195167541504, "trainer/Policy mu Mean": 0.33923837542533875, "trainer/Policy mu Std": 0.7642184495925903, "trainer/Policy mu Max": 2.253679037094116, "trainer/Policy mu Min": -1.177600622177124, "trainer/Policy log std Mean": -0.12624967098236084, "trainer/Policy log std Std": 1.0093737840652466, "trainer/Policy log std Max": 1.6007874011993408, "trainer/Policy log std Min": -1.8604087829589844, "trainer/QF1 DR3 Loss": 0.003007682738825679, "trainer/Alpha": 0.5722600817680359, "trainer/Alpha Loss": -1.2931512594223022, "_runtime": 3602, "_timestamp": 1624643712, "_step": 6}