{"trainer/QF1 Loss": 97.42584991455078, "trainer/min QF1 Loss": -2.1904830932617188, "trainer/Std QF1 values": 7.7676544189453125, "trainer/QF1 in-distribution values Mean": 17.40703010559082, "trainer/QF1 in-distribution values Std": 41.73628616333008, "trainer/QF1 in-distribution values Max": 200.23480224609375, "trainer/QF1 in-distribution values Min": -48.656097412109375, "trainer/QF1 random values Mean": 9.733296394348145, "trainer/QF1 random values Std": 41.2411003112793, "trainer/QF1 random values Max": 191.00709533691406, "trainer/QF1 random values Min": -48.0433349609375, "trainer/QF1 next_actions values Mean": 16.89645004272461, "trainer/QF1 next_actions values Std": 42.26638412475586, "trainer/QF1 next_actions values Max": 197.3949432373047, "trainer/QF1 next_actions values Min": -48.06226348876953, "trainer/actions Mean": 0.12017856538295746, "trainer/actions Std": 0.5845850706100464, "trainer/actions Max": 1.0, "trainer/actions Min": -1.0, "trainer/rewards Mean": 3.9453125, "trainer/rewards Std": 4.887497901916504, "trainer/rewards Max": 10.0, "trainer/rewards Min": 0.0, "trainer/Num Q Updates": 8001, "trainer/Num Policy Updates": 8001, "trainer/Policy Loss": -16.250701904296875, "trainer/Q1 Predictions Mean": 23.642658233642578, "trainer/Q1 Predictions Std": 42.50675964355469, "trainer/Q1 Predictions Max": 200.13723754882812, "trainer/Q1 Predictions Min": -37.57827377319336, "trainer/Q Targets Mean": 22.469213485717773, "trainer/Q Targets Std": 44.73997497558594, "trainer/Q Targets Max": 213.6395721435547, "trainer/Q Targets Min": -47.907676696777344, "trainer/Log Pis Mean": 2.448248863220215, "trainer/Log Pis Std": 4.300021171569824, "trainer/Log Pis Max": 17.100072860717773, "trainer/Log Pis Min": -5.859748840332031, "trainer/Policy mu Mean": 0.35145145654678345, "trainer/Policy mu Std": 0.8696523904800415, "trainer/Policy mu Max": 2.914517641067505, "trainer/Policy mu Min": -1.503177285194397, "trainer/Policy log std Mean": -0.3256300091743469, "trainer/Policy log std Std": 1.1261324882507324, "trainer/Policy log std Max": 1.5931131839752197, "trainer/Policy log std Min": -2.3199212551116943, "trainer/QF1 DR3 Loss": 0.9403131008148193, "trainer/Alpha": 0.4842590093612671, "trainer/Alpha Loss": -1.12510347366333, "_runtime": 3916, "_timestamp": 1624644004, "_step": 8}