{"trainer/QF1 Loss": 1311.68896484375, "trainer/min QF1 Loss": -1.724151611328125, "trainer/Std QF1 values": 23.527612686157227, "trainer/QF1 in-distribution values Mean": -316.246826171875, "trainer/QF1 in-distribution values Std": 168.45205688476562, "trainer/QF1 in-distribution values Max": -79.63553619384766, "trainer/QF1 in-distribution values Min": -760.4611206054688, "trainer/QF1 random values Mean": -324.9176330566406, "trainer/QF1 random values Std": 166.51071166992188, "trainer/QF1 random values Max": -81.62991333007812, "trainer/QF1 random values Min": -766.1969604492188, "trainer/QF1 next_actions values Mean": -314.54168701171875, "trainer/QF1 next_actions values Std": 169.56869506835938, "trainer/QF1 next_actions values Max": -78.21575927734375, "trainer/QF1 next_actions values Min": -698.5944213867188, "trainer/actions Mean": -0.019857700914144516, "trainer/actions Std": 0.6008755564689636, "trainer/actions Max": 1.0, "trainer/actions Min": -1.0, "trainer/rewards Mean": 2.1875, "trainer/rewards Std": 4.133986473083496, "trainer/rewards Max": 10.0, "trainer/rewards Min": 0.0, "trainer/Num Q Updates": 8001, "trainer/Num Policy Updates": 8001, "trainer/Policy Loss": 317.513671875, "trainer/Q1 Predictions Mean": -294.7982177734375, "trainer/Q1 Predictions Std": 159.71644592285156, "trainer/Q1 Predictions Max": -76.00516510009766, "trainer/Q1 Predictions Min": -668.513916015625, "trainer/Q Targets Mean": -303.71612548828125, "trainer/Q Targets Std": 168.38357543945312, "trainer/Q Targets Max": -75.95948791503906, "trainer/Q Targets Min": -703.466552734375, "trainer/Log Pis Mean": 0.7889271974563599, "trainer/Log Pis Std": 3.599001884460449, "trainer/Log Pis Max": 9.759543418884277, "trainer/Log Pis Min": -6.515040397644043, "trainer/Policy mu Mean": -0.02253606542944908, "trainer/Policy mu Std": 0.6533275246620178, "trainer/Policy mu Max": 2.8826472759246826, "trainer/Policy mu Min": -1.9933362007141113, "trainer/Policy log std Mean": -0.03199741244316101, "trainer/Policy log std Std": 0.9150305390357971, "trainer/Policy log std Max": 1.4785844087600708, "trainer/Policy log std Min": -1.560239553451538, "trainer/QF1 DR3 Loss": 17.474767684936523, "trainer/Alpha": 0.46461573243141174, "trainer/Alpha Loss": -2.461143970489502, "_runtime": 3798, "_timestamp": 1624643878, "_step": 8}