{"trainer/QF1 Loss": 10.0968656539917, "trainer/min QF1 Loss": 0.6719686985015869, "trainer/Std QF1 values": 3.3592758178710938, "trainer/QF1 in-distribution values Mean": 0.10065920650959015, "trainer/QF1 in-distribution values Std": 3.167268991470337, "trainer/QF1 in-distribution values Max": 15.44150161743164, "trainer/QF1 in-distribution values Min": -1.1848541498184204, "trainer/QF1 random values Mean": -0.8746190667152405, "trainer/QF1 random values Std": 1.4723109006881714, "trainer/QF1 random values Max": 12.958821296691895, "trainer/QF1 random values Min": -1.1848541498184204, "trainer/QF1 next_actions values Mean": 0.23293624818325043, "trainer/QF1 next_actions values Std": 3.3924593925476074, "trainer/QF1 next_actions values Max": 15.912721633911133, "trainer/QF1 next_actions values Min": -1.1848541498184204, "trainer/actions Mean": -0.05295759066939354, "trainer/actions Std": 0.6002901792526245, "trainer/actions Max": 1.0, "trainer/actions Min": -1.0, "trainer/rewards Mean": 1.875, "trainer/rewards Std": 3.9031238555908203, "trainer/rewards Max": 10.0, "trainer/rewards Min": 0.0, "trainer/Num Q Updates": 7001, "trainer/Num Policy Updates": 7001, "trainer/Policy Loss": 0.21336036920547485, "trainer/Q1 Predictions Mean": 2.930907726287842, "trainer/Q1 Predictions Std": 5.75691556930542, "trainer/Q1 Predictions Max": 16.274202346801758, "trainer/Q1 Predictions Min": -1.1811758279800415, "trainer/Q Targets Mean": 2.400402069091797, "trainer/Q Targets Std": 6.860898971557617, "trainer/Q Targets Max": 25.40252113342285, "trainer/Q Targets Min": -1.1258409023284912, "trainer/Log Pis Mean": 0.5811805129051208, "trainer/Log Pis Std": 3.8185818195343018, "trainer/Log Pis Max": 8.24574089050293, "trainer/Log Pis Min": -4.900629997253418, "trainer/Policy mu Mean": -0.044219549745321274, "trainer/Policy mu Std": 0.14788883924484253, "trainer/Policy mu Max": 0.16636773943901062, "trainer/Policy mu Min": -0.30952009558677673, "trainer/Policy log std Mean": 0.03747730329632759, "trainer/Policy log std Std": 0.866042971611023, "trainer/Policy log std Max": 1.6309436559677124, "trainer/Policy log std Min": -0.9977401494979858, "trainer/QF1 DR3 Loss": 0.003210012335330248, "trainer/Alpha": 0.5093241930007935, "trainer/Alpha Loss": -2.3062524795532227, "_runtime": 4089, "_timestamp": 1624644189, "_step": 7}