{"trainer/QF1 Loss": 117.31763458251953, "trainer/min QF1 Loss": -3.339984893798828, "trainer/Std QF1 values": 9.425315856933594, "trainer/QF1 in-distribution values Mean": -44.56932067871094, "trainer/QF1 in-distribution values Std": 41.10428237915039, "trainer/QF1 in-distribution values Max": 180.48202514648438, "trainer/QF1 in-distribution values Min": -120.11473083496094, "trainer/QF1 random values Mean": -56.51774597167969, "trainer/QF1 random values Std": 36.69489669799805, "trainer/QF1 random values Max": 182.21253967285156, "trainer/QF1 random values Min": -131.5334014892578, "trainer/QF1 next_actions values Mean": -44.793514251708984, "trainer/QF1 next_actions values Std": 41.042686462402344, "trainer/QF1 next_actions values Max": 174.48507690429688, "trainer/QF1 next_actions values Min": -130.1195068359375, "trainer/actions Mean": 0.14303013682365417, "trainer/actions Std": 0.5822401642799377, "trainer/actions Max": 1.0, "trainer/actions Min": -1.0, "trainer/rewards Mean": 3.9453125, "trainer/rewards Std": 4.887497901916504, "trainer/rewards Max": 10.0, "trainer/rewards Min": 0.0, "trainer/Num Q Updates": 8001, "trainer/Num Policy Updates": 8001, "trainer/Policy Loss": 45.932823181152344, "trainer/Q1 Predictions Mean": -36.614051818847656, "trainer/Q1 Predictions Std": 41.01212692260742, "trainer/Q1 Predictions Max": 188.43365478515625, "trainer/Q1 Predictions Min": -107.32604217529297, "trainer/Q Targets Mean": -37.92596435546875, "trainer/Q Targets Std": 41.930030822753906, "trainer/Q Targets Max": 179.5720977783203, "trainer/Q Targets Min": -115.34581756591797, "trainer/Log Pis Mean": 1.4696998596191406, "trainer/Log Pis Std": 4.037911415100098, "trainer/Log Pis Max": 17.729873657226562, "trainer/Log Pis Min": -5.920787811279297, "trainer/Policy mu Mean": 0.3285873830318451, "trainer/Policy mu Std": 0.8966134190559387, "trainer/Policy mu Max": 2.943786144256592, "trainer/Policy mu Min": -1.8588013648986816, "trainer/Policy log std Mean": -0.317196786403656, "trainer/Policy log std Std": 1.07978355884552, "trainer/Policy log std Max": 1.5384069681167603, "trainer/Policy log std Min": -2.300093412399292, "trainer/QF1 DR3 Loss": 3.520758628845215, "trainer/Alpha": 0.48259201645851135, "trainer/Alpha Loss": -1.8433161973953247, "_runtime": 3805, "_timestamp": 1624643895, "_step": 8}